Rank,NameMale,NameFemale
1,Oliver ,Amelia 
2,Jack ,Olivia 
3,Harry ,Emily 
4,George ,Isla 
5,Jacob ,Ava 
6,Charlie ,Ella 
7,Noah ,Jessica 
8,William ,Isabella 
9,Thomas ,Mia 
10,Oscar ,Poppy 
11,James ,Sophie 
12,Muhammad ,Sophia 
13,Henry ,Lily 
14,Alfie ,Grace 
15,Leo ,Evie 
16,Joshua ,Scarlett 
17,Freddie ,Ruby 
18,Ethan ,Chloe 
19,Archie ,Isabelle 
20,Isaac ,Daisy 
21,Joseph ,Freya 
22,Alexander ,Phoebe 
23,Samuel ,Florence 
24,Daniel ,Alice 
25,Logan ,Charlotte 
26,Edward ,Sienna 
27,Lucas ,Matilda 
28,Max ,Evelyn 
29,Mohammed ,Eva 
30,Benjamin ,Millie 
31,Mason ,Sofia 
32,Harrison ,Lucy 
33,Theo ,Elsie 
34,Jake ,Imogen 
35,Sebastian ,Layla 
36,Finley ,Rosie 
37,Arthur ,Maya 
38,Adam ,Esme 
39,Dylan ,Elizabeth 
40,Riley ,Lola 
41,Zachary ,Willow 
42,Teddy ,Ivy 
43,David ,Erin 
44,Toby ,Holly 
45,Theodore ,Emilia 
46,Elijah ,Molly 
47,Matthew ,Ellie 
48,Jenson ,Jasmine 
49,Jayden ,Eliza 
50,Harvey ,Lilly 
51,Reuben ,Abigail 
52,Harley ,Georgia 
53,Luca ,Maisie 
54,Michael ,Eleanor 
55,Hugo ,Hannah 
56,Lewis ,Harriet 
57,Frankie ,Amber 
58,Luke ,Bella 
59,Stanley ,Thea 
60,Tommy ,Annabelle 
61,Jude ,Emma 
62,Blake ,Amelie 
63,Louie ,Harper 
64,Nathan ,Gracie 
65,Gabriel ,Rose 
66,Charles ,Summer 
67,Bobby ,Martha 
68,Mohammad ,Violet 
69,Ryan ,Penelope 
70,Tyler ,Anna 
71,Elliott ,Nancy 
72,Albert ,Zara 
73,Elliot ,Maria 
74,Rory ,Darcie 
75,Alex ,Maryam 
76,Frederick ,Megan 
77,Ollie ,Darcey 
78,Louis ,Lottie 
79,Dexter ,Mila 
80,Jaxon ,Heidi 
81,Liam ,Lexi 
82,Jackson ,Lacey 
83,Callum ,Francesca 
84,Ronnie ,Robyn 
85,Leon ,Bethany 
86,Kai ,Julia 
87,Aaron ,Sara 
88,Roman ,Aisha 
89,Austin ,Darcy 
90,Ellis ,Zoe 
91,Jamie ,Clara 
92,Reggie ,Victoria 
93,Seth ,Beatrice 
94,Carter ,Hollie 
95,Felix ,Arabella 
96,Ibrahim ,Sarah 
97,Sonny ,Maddison 
98,Kian ,Leah 
99,Caleb ,Katie 
100,Connor ,Aria 
